-- ============================================
-- AI TOOLS REPORT — Google Trends Data
-- Run this in MySQL Workbench
-- ============================================

USE ai_tools_report;

TRUNCATE TABLE google_trends;
TRUNCATE TABLE trends_tool_stats;
TRUNCATE TABLE trends_yearly_avg;


CREATE TABLE IF NOT EXISTS google_trends (
    id             INT AUTO_INCREMENT PRIMARY KEY,
    month          VARCHAR(10),
    year           INT,
    tool_name      VARCHAR(100),
    interest_score DECIMAL(5,2),
    source         VARCHAR(50)
);

INSERT INTO google_trends (month, year, tool_name, interest_score, source) VALUES
  ('2022-01-01 00:00:00', 2022, 'ChatGPT', 0.0, 'Google Trends'),
  ('2022-02-01 00:00:00', 2022, 'ChatGPT', 0.0, 'Google Trends'),
  ('2022-03-01 00:00:00', 2022, 'ChatGPT', 0.0, 'Google Trends'),
  ('2022-04-01 00:00:00', 2022, 'ChatGPT', 0.0, 'Google Trends'),
  ('2022-05-01 00:00:00', 2022, 'ChatGPT', 0.0, 'Google Trends'),
  ('2022-06-01 00:00:00', 2022, 'ChatGPT', 0.0, 'Google Trends'),
  ('2022-07-01 00:00:00', 2022, 'ChatGPT', 0.0, 'Google Trends'),
  ('2022-08-01 00:00:00', 2022, 'ChatGPT', 0.0, 'Google Trends'),
  ('2022-09-01 00:00:00', 2022, 'ChatGPT', 0.0, 'Google Trends'),
  ('2022-10-01 00:00:00', 2022, 'ChatGPT', 0.0, 'Google Trends'),
  ('2022-11-01 00:00:00', 2022, 'ChatGPT', 0.0, 'Google Trends'),
  ('2022-12-01 00:00:00', 2022, 'ChatGPT', 0.0, 'Google Trends'),
  ('2023-01-01 00:00:00', 2023, 'ChatGPT', 0.0, 'Google Trends'),
  ('2023-02-01 00:00:00', 2023, 'ChatGPT', 0.0, 'Google Trends'),
  ('2023-03-01 00:00:00', 2023, 'ChatGPT', 0.0, 'Google Trends'),
  ('2023-04-01 00:00:00', 2023, 'ChatGPT', 0.0, 'Google Trends'),
  ('2023-05-01 00:00:00', 2023, 'ChatGPT', 0.0, 'Google Trends'),
  ('2023-06-01 00:00:00', 2023, 'ChatGPT', 8.25, 'Google Trends'),
  ('2023-07-01 00:00:00', 2023, 'ChatGPT', 16.0, 'Google Trends'),
  ('2023-08-01 00:00:00', 2023, 'ChatGPT', 16.75, 'Google Trends'),
  ('2023-09-01 00:00:00', 2023, 'ChatGPT', 20.0, 'Google Trends'),
  ('2023-10-01 00:00:00', 2023, 'ChatGPT', 22.2, 'Google Trends'),
  ('2023-11-01 00:00:00', 2023, 'ChatGPT', 24.75, 'Google Trends'),
  ('2023-12-01 00:00:00', 2023, 'ChatGPT', 20.0, 'Google Trends'),
  ('2024-01-01 00:00:00', 2024, 'ChatGPT', 21.5, 'Google Trends'),
  ('2024-02-01 00:00:00', 2024, 'ChatGPT', 25.25, 'Google Trends'),
  ('2024-03-01 00:00:00', 2024, 'ChatGPT', 25.8, 'Google Trends'),
  ('2024-04-01 00:00:00', 2024, 'ChatGPT', 28.5, 'Google Trends'),
  ('2024-05-01 00:00:00', 2024, 'ChatGPT', 32.5, 'Google Trends'),
  ('2024-06-01 00:00:00', 2024, 'ChatGPT', 28.4, 'Google Trends'),
  ('2024-07-01 00:00:00', 2024, 'ChatGPT', 25.25, 'Google Trends'),
  ('2024-08-01 00:00:00', 2024, 'ChatGPT', 30.25, 'Google Trends'),
  ('2024-09-01 00:00:00', 2024, 'ChatGPT', 40.8, 'Google Trends'),
  ('2024-10-01 00:00:00', 2024, 'ChatGPT', 47.0, 'Google Trends'),
  ('2024-11-01 00:00:00', 2024, 'ChatGPT', 52.25, 'Google Trends'),
  ('2024-12-01 00:00:00', 2024, 'ChatGPT', 45.0, 'Google Trends'),
  ('2025-01-01 00:00:00', 2025, 'ChatGPT', 49.75, 'Google Trends'),
  ('2025-02-01 00:00:00', 2025, 'ChatGPT', 57.5, 'Google Trends'),
  ('2025-03-01 00:00:00', 2025, 'ChatGPT', 66.6, 'Google Trends'),
  ('2025-04-01 00:00:00', 2025, 'ChatGPT', 72.25, 'Google Trends'),
  ('2025-05-01 00:00:00', 2025, 'ChatGPT', 77.5, 'Google Trends'),
  ('2025-06-01 00:00:00', 2025, 'ChatGPT', 77.8, 'Google Trends'),
  ('2025-07-01 00:00:00', 2025, 'ChatGPT', 78.25, 'Google Trends'),
  ('2025-08-01 00:00:00', 2025, 'ChatGPT', 86.2, 'Google Trends'),
  ('2025-09-01 00:00:00', 2025, 'ChatGPT', 93.0, 'Google Trends'),
  ('2025-10-01 00:00:00', 2025, 'ChatGPT', 95.25, 'Google Trends'),
  ('2025-11-01 00:00:00', 2025, 'ChatGPT', 92.2, 'Google Trends'),
  ('2025-12-01 00:00:00', 2025, 'ChatGPT', 73.25, 'Google Trends'),
  ('2022-01-01 00:00:00', 2022, 'Github Copilot', 0.0, 'Google Trends'),
  ('2022-02-01 00:00:00', 2022, 'Github Copilot', 0.0, 'Google Trends'),
  ('2022-03-01 00:00:00', 2022, 'Github Copilot', 0.0, 'Google Trends'),
  ('2022-04-01 00:00:00', 2022, 'Github Copilot', 0.0, 'Google Trends'),
  ('2022-05-01 00:00:00', 2022, 'Github Copilot', 0.0, 'Google Trends'),
  ('2022-06-01 00:00:00', 2022, 'Github Copilot', 0.0, 'Google Trends'),
  ('2022-07-01 00:00:00', 2022, 'Github Copilot', 0.0, 'Google Trends'),
  ('2022-08-01 00:00:00', 2022, 'Github Copilot', 0.0, 'Google Trends'),
  ('2022-09-01 00:00:00', 2022, 'Github Copilot', 0.0, 'Google Trends'),
  ('2022-10-01 00:00:00', 2022, 'Github Copilot', 0.0, 'Google Trends'),
  ('2022-11-01 00:00:00', 2022, 'Github Copilot', 0.0, 'Google Trends'),
  ('2022-12-01 00:00:00', 2022, 'Github Copilot', 0.0, 'Google Trends'),
  ('2023-01-01 00:00:00', 2023, 'Github Copilot', 0.0, 'Google Trends'),
  ('2023-02-01 00:00:00', 2023, 'Github Copilot', 0.0, 'Google Trends'),
  ('2023-03-01 00:00:00', 2023, 'Github Copilot', 0.0, 'Google Trends'),
  ('2023-04-01 00:00:00', 2023, 'Github Copilot', 0.0, 'Google Trends'),
  ('2023-05-01 00:00:00', 2023, 'Github Copilot', 0.0, 'Google Trends'),
  ('2023-06-01 00:00:00', 2023, 'Github Copilot', 0.0, 'Google Trends'),
  ('2023-07-01 00:00:00', 2023, 'Github Copilot', 0.0, 'Google Trends'),
  ('2023-08-01 00:00:00', 2023, 'Github Copilot', 0.0, 'Google Trends'),
  ('2023-09-01 00:00:00', 2023, 'Github Copilot', 0.0, 'Google Trends'),
  ('2023-10-01 00:00:00', 2023, 'Github Copilot', 0.0, 'Google Trends'),
  ('2023-11-01 00:00:00', 2023, 'Github Copilot', 0.0, 'Google Trends'),
  ('2023-12-01 00:00:00', 2023, 'Github Copilot', 0.0, 'Google Trends'),
  ('2024-01-01 00:00:00', 2024, 'Github Copilot', 0.0, 'Google Trends'),
  ('2024-02-01 00:00:00', 2024, 'Github Copilot', 0.0, 'Google Trends'),
  ('2024-03-01 00:00:00', 2024, 'Github Copilot', 0.0, 'Google Trends'),
  ('2024-04-01 00:00:00', 2024, 'Github Copilot', 0.0, 'Google Trends'),
  ('2024-05-01 00:00:00', 2024, 'Github Copilot', 0.0, 'Google Trends'),
  ('2024-06-01 00:00:00', 2024, 'Github Copilot', 0.0, 'Google Trends'),
  ('2024-07-01 00:00:00', 2024, 'Github Copilot', 0.0, 'Google Trends'),
  ('2024-08-01 00:00:00', 2024, 'Github Copilot', 0.0, 'Google Trends'),
  ('2024-09-01 00:00:00', 2024, 'Github Copilot', 0.0, 'Google Trends'),
  ('2024-10-01 00:00:00', 2024, 'Github Copilot', 0.0, 'Google Trends'),
  ('2024-11-01 00:00:00', 2024, 'Github Copilot', 0.0, 'Google Trends'),
  ('2024-12-01 00:00:00', 2024, 'Github Copilot', 0.0, 'Google Trends'),
  ('2025-01-01 00:00:00', 2025, 'Github Copilot', 0.0, 'Google Trends'),
  ('2025-02-01 00:00:00', 2025, 'Github Copilot', 0.0, 'Google Trends'),
  ('2025-03-01 00:00:00', 2025, 'Github Copilot', 0.0, 'Google Trends'),
  ('2025-04-01 00:00:00', 2025, 'Github Copilot', 0.0, 'Google Trends'),
  ('2025-05-01 00:00:00', 2025, 'Github Copilot', 0.0, 'Google Trends'),
  ('2025-06-01 00:00:00', 2025, 'Github Copilot', 0.0, 'Google Trends'),
  ('2025-07-01 00:00:00', 2025, 'Github Copilot', 0.0, 'Google Trends'),
  ('2025-08-01 00:00:00', 2025, 'Github Copilot', 0.0, 'Google Trends'),
  ('2025-09-01 00:00:00', 2025, 'Github Copilot', 0.0, 'Google Trends'),
  ('2025-10-01 00:00:00', 2025, 'Github Copilot', 0.0, 'Google Trends'),
  ('2025-11-01 00:00:00', 2025, 'Github Copilot', 0.0, 'Google Trends'),
  ('2025-12-01 00:00:00', 2025, 'Github Copilot', 0.0, 'Google Trends'),
  ('2022-01-01 00:00:00', 2022, 'Gemini', 0.0, 'Google Trends'),
  ('2022-02-01 00:00:00', 2022, 'Gemini', 0.0, 'Google Trends'),
  ('2022-03-01 00:00:00', 2022, 'Gemini', 0.0, 'Google Trends'),
  ('2022-04-01 00:00:00', 2022, 'Gemini', 0.0, 'Google Trends'),
  ('2022-05-01 00:00:00', 2022, 'Gemini', 0.0, 'Google Trends'),
  ('2022-06-01 00:00:00', 2022, 'Gemini', 0.0, 'Google Trends'),
  ('2022-07-01 00:00:00', 2022, 'Gemini', 0.0, 'Google Trends'),
  ('2022-08-01 00:00:00', 2022, 'Gemini', 0.0, 'Google Trends'),
  ('2022-09-01 00:00:00', 2022, 'Gemini', 0.0, 'Google Trends'),
  ('2022-10-01 00:00:00', 2022, 'Gemini', 0.0, 'Google Trends'),
  ('2022-11-01 00:00:00', 2022, 'Gemini', 0.0, 'Google Trends'),
  ('2022-12-01 00:00:00', 2022, 'Gemini', 0.0, 'Google Trends'),
  ('2023-01-01 00:00:00', 2023, 'Gemini', 0.0, 'Google Trends'),
  ('2023-02-01 00:00:00', 2023, 'Gemini', 0.0, 'Google Trends'),
  ('2023-03-01 00:00:00', 2023, 'Gemini', 0.25, 'Google Trends'),
  ('2023-04-01 00:00:00', 2023, 'Gemini', 0.0, 'Google Trends'),
  ('2023-05-01 00:00:00', 2023, 'Gemini', 1.25, 'Google Trends'),
  ('2023-06-01 00:00:00', 2023, 'Gemini', 1.0, 'Google Trends'),
  ('2023-07-01 00:00:00', 2023, 'Gemini', 1.4, 'Google Trends'),
  ('2023-08-01 00:00:00', 2023, 'Gemini', 1.0, 'Google Trends'),
  ('2023-09-01 00:00:00', 2023, 'Gemini', 1.5, 'Google Trends'),
  ('2023-10-01 00:00:00', 2023, 'Gemini', 2.0, 'Google Trends'),
  ('2023-11-01 00:00:00', 2023, 'Gemini', 2.25, 'Google Trends'),
  ('2023-12-01 00:00:00', 2023, 'Gemini', 2.4, 'Google Trends'),
  ('2024-01-01 00:00:00', 2024, 'Gemini', 2.0, 'Google Trends'),
  ('2024-02-01 00:00:00', 2024, 'Gemini', 3.25, 'Google Trends'),
  ('2024-03-01 00:00:00', 2024, 'Gemini', 3.6, 'Google Trends'),
  ('2024-04-01 00:00:00', 2024, 'Gemini', 3.75, 'Google Trends'),
  ('2024-05-01 00:00:00', 2024, 'Gemini', 4.0, 'Google Trends'),
  ('2024-06-01 00:00:00', 2024, 'Gemini', 3.2, 'Google Trends'),
  ('2024-07-01 00:00:00', 2024, 'Gemini', 3.0, 'Google Trends'),
  ('2024-08-01 00:00:00', 2024, 'Gemini', 3.0, 'Google Trends'),
  ('2024-09-01 00:00:00', 2024, 'Gemini', 4.0, 'Google Trends'),
  ('2024-10-01 00:00:00', 2024, 'Gemini', 4.0, 'Google Trends'),
  ('2024-11-01 00:00:00', 2024, 'Gemini', 4.0, 'Google Trends'),
  ('2024-12-01 00:00:00', 2024, 'Gemini', 3.8, 'Google Trends'),
  ('2025-01-01 00:00:00', 2025, 'Gemini', 4.0, 'Google Trends'),
  ('2025-02-01 00:00:00', 2025, 'Gemini', 5.0, 'Google Trends'),
  ('2025-03-01 00:00:00', 2025, 'Gemini', 5.2, 'Google Trends'),
  ('2025-04-01 00:00:00', 2025, 'Gemini', 6.0, 'Google Trends'),
  ('2025-05-01 00:00:00', 2025, 'Gemini', 7.0, 'Google Trends'),
  ('2025-06-01 00:00:00', 2025, 'Gemini', 8.2, 'Google Trends'),
  ('2025-07-01 00:00:00', 2025, 'Gemini', 8.0, 'Google Trends'),
  ('2025-08-01 00:00:00', 2025, 'Gemini', 11.8, 'Google Trends'),
  ('2025-09-01 00:00:00', 2025, 'Gemini', 49.5, 'Google Trends'),
  ('2025-10-01 00:00:00', 2025, 'Gemini', 25.5, 'Google Trends'),
  ('2025-11-01 00:00:00', 2025, 'Gemini', 25.4, 'Google Trends'),
  ('2025-12-01 00:00:00', 2025, 'Gemini', 23.75, 'Google Trends'),
  ('2022-01-01 00:00:00', 2022, 'Midjourney', 0.0, 'Google Trends'),
  ('2022-02-01 00:00:00', 2022, 'Midjourney', 0.0, 'Google Trends'),
  ('2022-03-01 00:00:00', 2022, 'Midjourney', 0.0, 'Google Trends'),
  ('2022-04-01 00:00:00', 2022, 'Midjourney', 0.0, 'Google Trends'),
  ('2022-05-01 00:00:00', 2022, 'Midjourney', 0.0, 'Google Trends'),
  ('2022-06-01 00:00:00', 2022, 'Midjourney', 0.0, 'Google Trends'),
  ('2022-07-01 00:00:00', 2022, 'Midjourney', 0.0, 'Google Trends'),
  ('2022-08-01 00:00:00', 2022, 'Midjourney', 0.0, 'Google Trends'),
  ('2022-09-01 00:00:00', 2022, 'Midjourney', 0.0, 'Google Trends'),
  ('2022-10-01 00:00:00', 2022, 'Midjourney', 0.0, 'Google Trends'),
  ('2022-11-01 00:00:00', 2022, 'Midjourney', 0.0, 'Google Trends'),
  ('2022-12-01 00:00:00', 2022, 'Midjourney', 0.0, 'Google Trends'),
  ('2023-01-01 00:00:00', 2023, 'Midjourney', 0.8, 'Google Trends'),
  ('2023-02-01 00:00:00', 2023, 'Midjourney', 1.0, 'Google Trends'),
  ('2023-03-01 00:00:00', 2023, 'Midjourney', 1.0, 'Google Trends'),
  ('2023-04-01 00:00:00', 2023, 'Midjourney', 1.0, 'Google Trends'),
  ('2023-05-01 00:00:00', 2023, 'Midjourney', 1.0, 'Google Trends'),
  ('2023-06-01 00:00:00', 2023, 'Midjourney', 1.0, 'Google Trends'),
  ('2023-07-01 00:00:00', 2023, 'Midjourney', 1.0, 'Google Trends'),
  ('2023-08-01 00:00:00', 2023, 'Midjourney', 0.0, 'Google Trends'),
  ('2023-09-01 00:00:00', 2023, 'Midjourney', 0.0, 'Google Trends'),
  ('2023-10-01 00:00:00', 2023, 'Midjourney', 0.0, 'Google Trends'),
  ('2023-11-01 00:00:00', 2023, 'Midjourney', 0.0, 'Google Trends'),
  ('2023-12-01 00:00:00', 2023, 'Midjourney', 0.0, 'Google Trends'),
  ('2024-01-01 00:00:00', 2024, 'Midjourney', 0.0, 'Google Trends'),
  ('2024-02-01 00:00:00', 2024, 'Midjourney', 0.0, 'Google Trends'),
  ('2024-03-01 00:00:00', 2024, 'Midjourney', 0.0, 'Google Trends'),
  ('2024-04-01 00:00:00', 2024, 'Midjourney', 0.0, 'Google Trends'),
  ('2024-05-01 00:00:00', 2024, 'Midjourney', 0.0, 'Google Trends'),
  ('2024-06-01 00:00:00', 2024, 'Midjourney', 0.0, 'Google Trends'),
  ('2024-07-01 00:00:00', 2024, 'Midjourney', 0.0, 'Google Trends'),
  ('2024-08-01 00:00:00', 2024, 'Midjourney', 0.0, 'Google Trends'),
  ('2024-09-01 00:00:00', 2024, 'Midjourney', 0.0, 'Google Trends'),
  ('2024-10-01 00:00:00', 2024, 'Midjourney', 0.0, 'Google Trends'),
  ('2024-11-01 00:00:00', 2024, 'Midjourney', 0.0, 'Google Trends'),
  ('2024-12-01 00:00:00', 2024, 'Midjourney', 0.0, 'Google Trends'),
  ('2025-01-01 00:00:00', 2025, 'Midjourney', 0.0, 'Google Trends'),
  ('2025-02-01 00:00:00', 2025, 'Midjourney', 0.0, 'Google Trends'),
  ('2025-03-01 00:00:00', 2025, 'Midjourney', 0.0, 'Google Trends'),
  ('2025-04-01 00:00:00', 2025, 'Midjourney', 0.0, 'Google Trends'),
  ('2025-05-01 00:00:00', 2025, 'Midjourney', 0.0, 'Google Trends'),
  ('2025-06-01 00:00:00', 2025, 'Midjourney', 0.2, 'Google Trends'),
  ('2025-07-01 00:00:00', 2025, 'Midjourney', 0.5, 'Google Trends'),
  ('2025-08-01 00:00:00', 2025, 'Midjourney', 0.0, 'Google Trends'),
  ('2025-09-01 00:00:00', 2025, 'Midjourney', 0.0, 'Google Trends'),
  ('2025-10-01 00:00:00', 2025, 'Midjourney', 0.0, 'Google Trends'),
  ('2025-11-01 00:00:00', 2025, 'Midjourney', 0.0, 'Google Trends'),
  ('2025-12-01 00:00:00', 2025, 'Midjourney', 0.0, 'Google Trends'),
  ('2022-01-01 00:00:00', 2022, 'Claude', 1.0, 'Google Trends'),
  ('2022-02-01 00:00:00', 2022, 'Claude', 1.0, 'Google Trends'),
  ('2022-03-01 00:00:00', 2022, 'Claude', 1.0, 'Google Trends'),
  ('2022-04-01 00:00:00', 2022, 'Claude', 1.0, 'Google Trends'),
  ('2022-05-01 00:00:00', 2022, 'Claude', 1.0, 'Google Trends'),
  ('2022-06-01 00:00:00', 2022, 'Claude', 1.0, 'Google Trends'),
  ('2022-07-01 00:00:00', 2022, 'Claude', 1.0, 'Google Trends'),
  ('2022-08-01 00:00:00', 2022, 'Claude', 1.0, 'Google Trends'),
  ('2022-09-01 00:00:00', 2022, 'Claude', 0.5, 'Google Trends'),
  ('2022-10-01 00:00:00', 2022, 'Claude', 1.0, 'Google Trends'),
  ('2022-11-01 00:00:00', 2022, 'Claude', 0.5, 'Google Trends'),
  ('2022-12-01 00:00:00', 2022, 'Claude', 0.5, 'Google Trends'),
  ('2023-01-01 00:00:00', 2023, 'Claude', 1.0, 'Google Trends'),
  ('2023-02-01 00:00:00', 2023, 'Claude', 1.0, 'Google Trends'),
  ('2023-03-01 00:00:00', 2023, 'Claude', 1.0, 'Google Trends'),
  ('2023-04-01 00:00:00', 2023, 'Claude', 0.8, 'Google Trends'),
  ('2023-05-01 00:00:00', 2023, 'Claude', 0.75, 'Google Trends'),
  ('2023-06-01 00:00:00', 2023, 'Claude', 1.0, 'Google Trends'),
  ('2023-07-01 00:00:00', 2023, 'Claude', 1.0, 'Google Trends'),
  ('2023-08-01 00:00:00', 2023, 'Claude', 1.0, 'Google Trends'),
  ('2023-09-01 00:00:00', 2023, 'Claude', 1.0, 'Google Trends'),
  ('2023-10-01 00:00:00', 2023, 'Claude', 1.0, 'Google Trends'),
  ('2023-11-01 00:00:00', 2023, 'Claude', 1.0, 'Google Trends'),
  ('2023-12-01 00:00:00', 2023, 'Claude', 1.0, 'Google Trends'),
  ('2024-01-01 00:00:00', 2024, 'Claude', 1.0, 'Google Trends'),
  ('2024-02-01 00:00:00', 2024, 'Claude', 1.0, 'Google Trends'),
  ('2024-03-01 00:00:00', 2024, 'Claude', 1.0, 'Google Trends'),
  ('2024-04-01 00:00:00', 2024, 'Claude', 1.0, 'Google Trends'),
  ('2024-05-01 00:00:00', 2024, 'Claude', 1.0, 'Google Trends'),
  ('2024-06-01 00:00:00', 2024, 'Claude', 1.0, 'Google Trends'),
  ('2024-07-01 00:00:00', 2024, 'Claude', 1.0, 'Google Trends'),
  ('2024-08-01 00:00:00', 2024, 'Claude', 1.0, 'Google Trends'),
  ('2024-09-01 00:00:00', 2024, 'Claude', 1.0, 'Google Trends'),
  ('2024-10-01 00:00:00', 2024, 'Claude', 1.0, 'Google Trends'),
  ('2024-11-01 00:00:00', 2024, 'Claude', 1.0, 'Google Trends'),
  ('2024-12-01 00:00:00', 2024, 'Claude', 1.0, 'Google Trends'),
  ('2025-01-01 00:00:00', 2025, 'Claude', 1.0, 'Google Trends'),
  ('2025-02-01 00:00:00', 2025, 'Claude', 1.25, 'Google Trends'),
  ('2025-03-01 00:00:00', 2025, 'Claude', 2.0, 'Google Trends'),
  ('2025-04-01 00:00:00', 2025, 'Claude', 1.5, 'Google Trends'),
  ('2025-05-01 00:00:00', 2025, 'Claude', 2.0, 'Google Trends'),
  ('2025-06-01 00:00:00', 2025, 'Claude', 2.2, 'Google Trends'),
  ('2025-07-01 00:00:00', 2025, 'Claude', 2.0, 'Google Trends'),
  ('2025-08-01 00:00:00', 2025, 'Claude', 2.6, 'Google Trends'),
  ('2025-09-01 00:00:00', 2025, 'Claude', 2.25, 'Google Trends'),
  ('2025-10-01 00:00:00', 2025, 'Claude', 2.75, 'Google Trends'),
  ('2025-11-01 00:00:00', 2025, 'Claude', 2.8, 'Google Trends'),
  ('2025-12-01 00:00:00', 2025, 'Claude', 2.25, 'Google Trends'),
  ('2022-01-01 00:00:00', 2022, 'Perplexity', 0.0, 'Google Trends'),
  ('2022-02-01 00:00:00', 2022, 'Perplexity', 0.0, 'Google Trends'),
  ('2022-03-01 00:00:00', 2022, 'Perplexity', 0.0, 'Google Trends'),
  ('2022-04-01 00:00:00', 2022, 'Perplexity', 0.0, 'Google Trends'),
  ('2022-05-01 00:00:00', 2022, 'Perplexity', 0.0, 'Google Trends'),
  ('2022-06-01 00:00:00', 2022, 'Perplexity', 0.0, 'Google Trends'),
  ('2022-07-01 00:00:00', 2022, 'Perplexity', 0.0, 'Google Trends'),
  ('2022-08-01 00:00:00', 2022, 'Perplexity', 0.0, 'Google Trends'),
  ('2022-09-01 00:00:00', 2022, 'Perplexity', 0.0, 'Google Trends'),
  ('2022-10-01 00:00:00', 2022, 'Perplexity', 0.0, 'Google Trends'),
  ('2022-11-01 00:00:00', 2022, 'Perplexity', 0.0, 'Google Trends'),
  ('2022-12-01 00:00:00', 2022, 'Perplexity', 0.0, 'Google Trends'),
  ('2023-01-01 00:00:00', 2023, 'Perplexity', 0.0, 'Google Trends'),
  ('2023-02-01 00:00:00', 2023, 'Perplexity', 0.0, 'Google Trends'),
  ('2023-03-01 00:00:00', 2023, 'Perplexity', 0.0, 'Google Trends'),
  ('2023-04-01 00:00:00', 2023, 'Perplexity', 0.0, 'Google Trends'),
  ('2023-05-01 00:00:00', 2023, 'Perplexity', 0.0, 'Google Trends'),
  ('2023-06-01 00:00:00', 2023, 'Perplexity', 0.0, 'Google Trends'),
  ('2023-07-01 00:00:00', 2023, 'Perplexity', 0.0, 'Google Trends'),
  ('2023-08-01 00:00:00', 2023, 'Perplexity', 0.0, 'Google Trends'),
  ('2023-09-01 00:00:00', 2023, 'Perplexity', 0.0, 'Google Trends'),
  ('2023-10-01 00:00:00', 2023, 'Perplexity', 0.0, 'Google Trends'),
  ('2023-11-01 00:00:00', 2023, 'Perplexity', 0.0, 'Google Trends'),
  ('2023-12-01 00:00:00', 2023, 'Perplexity', 0.0, 'Google Trends'),
  ('2024-01-01 00:00:00', 2024, 'Perplexity', 6.25, 'Google Trends'),
  ('2024-02-01 00:00:00', 2024, 'Perplexity', 5.5, 'Google Trends'),
  ('2024-03-01 00:00:00', 2024, 'Perplexity', 0.0, 'Google Trends'),
  ('2024-04-01 00:00:00', 2024, 'Perplexity', 0.0, 'Google Trends'),
  ('2024-05-01 00:00:00', 2024, 'Perplexity', 0.0, 'Google Trends'),
  ('2024-06-01 00:00:00', 2024, 'Perplexity', 0.0, 'Google Trends'),
  ('2024-07-01 00:00:00', 2024, 'Perplexity', 0.25, 'Google Trends'),
  ('2024-08-01 00:00:00', 2024, 'Perplexity', 20.0, 'Google Trends'),
  ('2024-09-01 00:00:00', 2024, 'Perplexity', 26.2, 'Google Trends'),
  ('2024-10-01 00:00:00', 2024, 'Perplexity', 22.0, 'Google Trends'),
  ('2024-11-01 00:00:00', 2024, 'Perplexity', 40.25, 'Google Trends'),
  ('2024-12-01 00:00:00', 2024, 'Perplexity', 32.2, 'Google Trends'),
  ('2025-01-01 00:00:00', 2025, 'Perplexity', 0.0, 'Google Trends'),
  ('2025-02-01 00:00:00', 2025, 'Perplexity', 0.0, 'Google Trends'),
  ('2025-03-01 00:00:00', 2025, 'Perplexity', 0.0, 'Google Trends'),
  ('2025-04-01 00:00:00', 2025, 'Perplexity', 0.0, 'Google Trends'),
  ('2025-05-01 00:00:00', 2025, 'Perplexity', 0.0, 'Google Trends'),
  ('2025-06-01 00:00:00', 2025, 'Perplexity', 0.0, 'Google Trends'),
  ('2025-07-01 00:00:00', 2025, 'Perplexity', 0.0, 'Google Trends'),
  ('2025-08-01 00:00:00', 2025, 'Perplexity', 33.4, 'Google Trends'),
  ('2025-09-01 00:00:00', 2025, 'Perplexity', 17.25, 'Google Trends'),
  ('2025-10-01 00:00:00', 2025, 'Perplexity', 0.0, 'Google Trends'),
  ('2025-11-01 00:00:00', 2025, 'Perplexity', 28.0, 'Google Trends'),
  ('2025-12-01 00:00:00', 2025, 'Perplexity', 73.5, 'Google Trends'),
  ('2022-01-01 00:00:00', 2022, 'Stable Diffusion', 0.0, 'Google Trends'),
  ('2022-02-01 00:00:00', 2022, 'Stable Diffusion', 0.0, 'Google Trends'),
  ('2022-03-01 00:00:00', 2022, 'Stable Diffusion', 0.0, 'Google Trends'),
  ('2022-04-01 00:00:00', 2022, 'Stable Diffusion', 0.0, 'Google Trends'),
  ('2022-05-01 00:00:00', 2022, 'Stable Diffusion', 0.0, 'Google Trends'),
  ('2022-06-01 00:00:00', 2022, 'Stable Diffusion', 0.0, 'Google Trends'),
  ('2022-07-01 00:00:00', 2022, 'Stable Diffusion', 0.0, 'Google Trends'),
  ('2022-08-01 00:00:00', 2022, 'Stable Diffusion', 0.0, 'Google Trends'),
  ('2022-09-01 00:00:00', 2022, 'Stable Diffusion', 11.25, 'Google Trends'),
  ('2022-10-01 00:00:00', 2022, 'Stable Diffusion', 12.6, 'Google Trends'),
  ('2022-11-01 00:00:00', 2022, 'Stable Diffusion', 10.25, 'Google Trends'),
  ('2022-12-01 00:00:00', 2022, 'Stable Diffusion', 12.75, 'Google Trends'),
  ('2023-01-01 00:00:00', 2023, 'Stable Diffusion', 13.6, 'Google Trends'),
  ('2023-02-01 00:00:00', 2023, 'Stable Diffusion', 18.5, 'Google Trends'),
  ('2023-03-01 00:00:00', 2023, 'Stable Diffusion', 23.75, 'Google Trends'),
  ('2023-04-01 00:00:00', 2023, 'Stable Diffusion', 25.8, 'Google Trends'),
  ('2023-05-01 00:00:00', 2023, 'Stable Diffusion', 22.75, 'Google Trends'),
  ('2023-06-01 00:00:00', 2023, 'Stable Diffusion', 20.0, 'Google Trends'),
  ('2023-07-01 00:00:00', 2023, 'Stable Diffusion', 19.2, 'Google Trends'),
  ('2023-08-01 00:00:00', 2023, 'Stable Diffusion', 17.0, 'Google Trends'),
  ('2023-09-01 00:00:00', 2023, 'Stable Diffusion', 15.0, 'Google Trends'),
  ('2023-10-01 00:00:00', 2023, 'Stable Diffusion', 14.6, 'Google Trends'),
  ('2023-11-01 00:00:00', 2023, 'Stable Diffusion', 13.75, 'Google Trends'),
  ('2023-12-01 00:00:00', 2023, 'Stable Diffusion', 14.4, 'Google Trends'),
  ('2024-01-01 00:00:00', 2024, 'Stable Diffusion', 13.75, 'Google Trends'),
  ('2024-02-01 00:00:00', 2024, 'Stable Diffusion', 15.0, 'Google Trends'),
  ('2024-03-01 00:00:00', 2024, 'Stable Diffusion', 14.0, 'Google Trends'),
  ('2024-04-01 00:00:00', 2024, 'Stable Diffusion', 12.75, 'Google Trends'),
  ('2024-05-01 00:00:00', 2024, 'Stable Diffusion', 12.0, 'Google Trends'),
  ('2024-06-01 00:00:00', 2024, 'Stable Diffusion', 11.6, 'Google Trends'),
  ('2024-07-01 00:00:00', 2024, 'Stable Diffusion', 11.0, 'Google Trends'),
  ('2024-08-01 00:00:00', 2024, 'Stable Diffusion', 10.75, 'Google Trends'),
  ('2024-09-01 00:00:00', 2024, 'Stable Diffusion', 9.4, 'Google Trends'),
  ('2024-10-01 00:00:00', 2024, 'Stable Diffusion', 9.75, 'Google Trends'),
  ('2024-11-01 00:00:00', 2024, 'Stable Diffusion', 9.5, 'Google Trends'),
  ('2024-12-01 00:00:00', 2024, 'Stable Diffusion', 9.2, 'Google Trends'),
  ('2025-01-01 00:00:00', 2025, 'Stable Diffusion', 10.0, 'Google Trends'),
  ('2025-02-01 00:00:00', 2025, 'Stable Diffusion', 11.0, 'Google Trends'),
  ('2025-03-01 00:00:00', 2025, 'Stable Diffusion', 10.8, 'Google Trends'),
  ('2025-04-01 00:00:00', 2025, 'Stable Diffusion', 9.75, 'Google Trends'),
  ('2025-05-01 00:00:00', 2025, 'Stable Diffusion', 9.0, 'Google Trends'),
  ('2025-06-01 00:00:00', 2025, 'Stable Diffusion', 9.6, 'Google Trends'),
  ('2025-07-01 00:00:00', 2025, 'Stable Diffusion', 10.0, 'Google Trends'),
  ('2025-08-01 00:00:00', 2025, 'Stable Diffusion', 15.2, 'Google Trends'),
  ('2025-09-01 00:00:00', 2025, 'Stable Diffusion', 13.75, 'Google Trends'),
  ('2025-10-01 00:00:00', 2025, 'Stable Diffusion', 13.0, 'Google Trends'),
  ('2025-11-01 00:00:00', 2025, 'Stable Diffusion', 14.0, 'Google Trends'),
  ('2025-12-01 00:00:00', 2025, 'Stable Diffusion', 12.5, 'Google Trends'),
  ('2022-01-01 00:00:00', 2022, 'Cursor', 17.4, 'Google Trends'),
  ('2022-02-01 00:00:00', 2022, 'Cursor', 18.25, 'Google Trends'),
  ('2022-03-01 00:00:00', 2022, 'Cursor', 18.0, 'Google Trends'),
  ('2022-04-01 00:00:00', 2022, 'Cursor', 17.5, 'Google Trends'),
  ('2022-05-01 00:00:00', 2022, 'Cursor', 17.0, 'Google Trends'),
  ('2022-06-01 00:00:00', 2022, 'Cursor', 15.75, 'Google Trends'),
  ('2022-07-01 00:00:00', 2022, 'Cursor', 14.8, 'Google Trends'),
  ('2022-08-01 00:00:00', 2022, 'Cursor', 15.25, 'Google Trends'),
  ('2022-09-01 00:00:00', 2022, 'Cursor', 16.75, 'Google Trends'),
  ('2022-10-01 00:00:00', 2022, 'Cursor', 16.4, 'Google Trends'),
  ('2022-11-01 00:00:00', 2022, 'Cursor', 16.5, 'Google Trends'),
  ('2022-12-01 00:00:00', 2022, 'Cursor', 15.25, 'Google Trends'),
  ('2023-01-01 00:00:00', 2023, 'Cursor', 16.4, 'Google Trends'),
  ('2023-02-01 00:00:00', 2023, 'Cursor', 17.25, 'Google Trends'),
  ('2023-03-01 00:00:00', 2023, 'Cursor', 16.75, 'Google Trends'),
  ('2023-04-01 00:00:00', 2023, 'Cursor', 15.2, 'Google Trends'),
  ('2023-05-01 00:00:00', 2023, 'Cursor', 15.0, 'Google Trends'),
  ('2023-06-01 00:00:00', 2023, 'Cursor', 14.5, 'Google Trends'),
  ('2023-07-01 00:00:00', 2023, 'Cursor', 14.2, 'Google Trends'),
  ('2023-08-01 00:00:00', 2023, 'Cursor', 15.5, 'Google Trends'),
  ('2023-09-01 00:00:00', 2023, 'Cursor', 16.75, 'Google Trends'),
  ('2023-10-01 00:00:00', 2023, 'Cursor', 16.0, 'Google Trends'),
  ('2023-11-01 00:00:00', 2023, 'Cursor', 16.0, 'Google Trends'),
  ('2023-12-01 00:00:00', 2023, 'Cursor', 14.0, 'Google Trends'),
  ('2024-01-01 00:00:00', 2024, 'Cursor', 17.0, 'Google Trends'),
  ('2024-02-01 00:00:00', 2024, 'Cursor', 18.5, 'Google Trends'),
  ('2024-03-01 00:00:00', 2024, 'Cursor', 17.6, 'Google Trends'),
  ('2024-04-01 00:00:00', 2024, 'Cursor', 16.75, 'Google Trends'),
  ('2024-05-01 00:00:00', 2024, 'Cursor', 16.25, 'Google Trends'),
  ('2024-06-01 00:00:00', 2024, 'Cursor', 15.4, 'Google Trends'),
  ('2024-07-01 00:00:00', 2024, 'Cursor', 15.5, 'Google Trends'),
  ('2024-08-01 00:00:00', 2024, 'Cursor', 20.25, 'Google Trends'),
  ('2024-09-01 00:00:00', 2024, 'Cursor', 25.0, 'Google Trends'),
  ('2024-10-01 00:00:00', 2024, 'Cursor', 23.0, 'Google Trends'),
  ('2024-11-01 00:00:00', 2024, 'Cursor', 24.75, 'Google Trends'),
  ('2024-12-01 00:00:00', 2024, 'Cursor', 25.0, 'Google Trends'),
  ('2025-01-01 00:00:00', 2025, 'Cursor', 29.5, 'Google Trends'),
  ('2025-02-01 00:00:00', 2025, 'Cursor', 35.75, 'Google Trends'),
  ('2025-03-01 00:00:00', 2025, 'Cursor', 44.8, 'Google Trends'),
  ('2025-04-01 00:00:00', 2025, 'Cursor', 41.0, 'Google Trends'),
  ('2025-05-01 00:00:00', 2025, 'Cursor', 46.0, 'Google Trends'),
  ('2025-06-01 00:00:00', 2025, 'Cursor', 46.6, 'Google Trends'),
  ('2025-07-01 00:00:00', 2025, 'Cursor', 46.0, 'Google Trends'),
  ('2025-08-01 00:00:00', 2025, 'Cursor', 58.0, 'Google Trends'),
  ('2025-09-01 00:00:00', 2025, 'Cursor', 48.5, 'Google Trends'),
  ('2025-10-01 00:00:00', 2025, 'Cursor', 48.75, 'Google Trends'),
  ('2025-11-01 00:00:00', 2025, 'Cursor', 50.8, 'Google Trends'),
  ('2025-12-01 00:00:00', 2025, 'Cursor', 44.75, 'Google Trends'),
  ('2022-01-01 00:00:00', 2022, 'Notion AI', 0.0, 'Google Trends'),
  ('2022-02-01 00:00:00', 2022, 'Notion AI', 0.0, 'Google Trends'),
  ('2022-03-01 00:00:00', 2022, 'Notion AI', 0.0, 'Google Trends'),
  ('2022-04-01 00:00:00', 2022, 'Notion AI', 0.0, 'Google Trends'),
  ('2022-05-01 00:00:00', 2022, 'Notion AI', 0.0, 'Google Trends'),
  ('2022-06-01 00:00:00', 2022, 'Notion AI', 0.0, 'Google Trends'),
  ('2022-07-01 00:00:00', 2022, 'Notion AI', 0.0, 'Google Trends'),
  ('2022-08-01 00:00:00', 2022, 'Notion AI', 0.0, 'Google Trends'),
  ('2022-09-01 00:00:00', 2022, 'Notion AI', 0.0, 'Google Trends'),
  ('2022-10-01 00:00:00', 2022, 'Notion AI', 0.0, 'Google Trends'),
  ('2022-11-01 00:00:00', 2022, 'Notion AI', 0.5, 'Google Trends'),
  ('2022-12-01 00:00:00', 2022, 'Notion AI', 0.5, 'Google Trends'),
  ('2023-01-01 00:00:00', 2023, 'Notion AI', 1.0, 'Google Trends'),
  ('2023-02-01 00:00:00', 2023, 'Notion AI', 3.0, 'Google Trends'),
  ('2023-03-01 00:00:00', 2023, 'Notion AI', 3.25, 'Google Trends'),
  ('2023-04-01 00:00:00', 2023, 'Notion AI', 2.4, 'Google Trends'),
  ('2023-05-01 00:00:00', 2023, 'Notion AI', 2.0, 'Google Trends'),
  ('2023-06-01 00:00:00', 2023, 'Notion AI', 1.5, 'Google Trends'),
  ('2023-07-01 00:00:00', 2023, 'Notion AI', 1.0, 'Google Trends'),
  ('2023-08-01 00:00:00', 2023, 'Notion AI', 1.0, 'Google Trends'),
  ('2023-09-01 00:00:00', 2023, 'Notion AI', 1.0, 'Google Trends'),
  ('2023-10-01 00:00:00', 2023, 'Notion AI', 1.0, 'Google Trends'),
  ('2023-11-01 00:00:00', 2023, 'Notion AI', 1.0, 'Google Trends'),
  ('2023-12-01 00:00:00', 2023, 'Notion AI', 1.0, 'Google Trends'),
  ('2024-01-01 00:00:00', 2024, 'Notion AI', 1.0, 'Google Trends'),
  ('2024-02-01 00:00:00', 2024, 'Notion AI', 1.0, 'Google Trends'),
  ('2024-03-01 00:00:00', 2024, 'Notion AI', 1.0, 'Google Trends'),
  ('2024-04-01 00:00:00', 2024, 'Notion AI', 1.0, 'Google Trends'),
  ('2024-05-01 00:00:00', 2024, 'Notion AI', 1.0, 'Google Trends'),
  ('2024-06-01 00:00:00', 2024, 'Notion AI', 1.0, 'Google Trends'),
  ('2024-07-01 00:00:00', 2024, 'Notion AI', 1.0, 'Google Trends'),
  ('2024-08-01 00:00:00', 2024, 'Notion AI', 1.0, 'Google Trends'),
  ('2024-09-01 00:00:00', 2024, 'Notion AI', 1.0, 'Google Trends'),
  ('2024-10-01 00:00:00', 2024, 'Notion AI', 1.0, 'Google Trends'),
  ('2024-11-01 00:00:00', 2024, 'Notion AI', 1.0, 'Google Trends'),
  ('2024-12-01 00:00:00', 2024, 'Notion AI', 1.0, 'Google Trends'),
  ('2025-01-01 00:00:00', 2025, 'Notion AI', 1.0, 'Google Trends'),
  ('2025-02-01 00:00:00', 2025, 'Notion AI', 1.0, 'Google Trends'),
  ('2025-03-01 00:00:00', 2025, 'Notion AI', 1.0, 'Google Trends'),
  ('2025-04-01 00:00:00', 2025, 'Notion AI', 1.0, 'Google Trends'),
  ('2025-05-01 00:00:00', 2025, 'Notion AI', 2.0, 'Google Trends'),
  ('2025-06-01 00:00:00', 2025, 'Notion AI', 2.0, 'Google Trends'),
  ('2025-07-01 00:00:00', 2025, 'Notion AI', 2.25, 'Google Trends'),
  ('2025-08-01 00:00:00', 2025, 'Notion AI', 4.6, 'Google Trends'),
  ('2025-09-01 00:00:00', 2025, 'Notion AI', 6.25, 'Google Trends'),
  ('2025-10-01 00:00:00', 2025, 'Notion AI', 5.75, 'Google Trends'),
  ('2025-11-01 00:00:00', 2025, 'Notion AI', 5.6, 'Google Trends'),
  ('2025-12-01 00:00:00', 2025, 'Notion AI', 4.25, 'Google Trends'),
  ('2022-01-01 00:00:00', 2022, 'Grammarly', 40.6, 'Google Trends'),
  ('2022-02-01 00:00:00', 2022, 'Grammarly', 47.0, 'Google Trends'),
  ('2022-03-01 00:00:00', 2022, 'Grammarly', 49.25, 'Google Trends'),
  ('2022-04-01 00:00:00', 2022, 'Grammarly', 53.75, 'Google Trends'),
  ('2022-05-01 00:00:00', 2022, 'Grammarly', 50.4, 'Google Trends'),
  ('2022-06-01 00:00:00', 2022, 'Grammarly', 42.75, 'Google Trends'),
  ('2022-07-01 00:00:00', 2022, 'Grammarly', 39.6, 'Google Trends'),
  ('2022-08-01 00:00:00', 2022, 'Grammarly', 48.25, 'Google Trends'),
  ('2022-09-01 00:00:00', 2022, 'Grammarly', 61.5, 'Google Trends'),
  ('2022-10-01 00:00:00', 2022, 'Grammarly', 61.6, 'Google Trends'),
  ('2022-11-01 00:00:00', 2022, 'Grammarly', 58.0, 'Google Trends'),
  ('2022-12-01 00:00:00', 2022, 'Grammarly', 45.75, 'Google Trends'),
  ('2023-01-01 00:00:00', 2023, 'Grammarly', 51.4, 'Google Trends'),
  ('2023-02-01 00:00:00', 2023, 'Grammarly', 55.5, 'Google Trends'),
  ('2023-03-01 00:00:00', 2023, 'Grammarly', 53.25, 'Google Trends'),
  ('2023-04-01 00:00:00', 2023, 'Grammarly', 49.4, 'Google Trends'),
  ('2023-05-01 00:00:00', 2023, 'Grammarly', 47.5, 'Google Trends'),
  ('2023-06-01 00:00:00', 2023, 'Grammarly', 38.25, 'Google Trends'),
  ('2023-07-01 00:00:00', 2023, 'Grammarly', 36.2, 'Google Trends'),
  ('2023-08-01 00:00:00', 2023, 'Grammarly', 40.0, 'Google Trends'),
  ('2023-09-01 00:00:00', 2023, 'Grammarly', 51.75, 'Google Trends'),
  ('2023-10-01 00:00:00', 2023, 'Grammarly', 48.8, 'Google Trends'),
  ('2023-11-01 00:00:00', 2023, 'Grammarly', 44.5, 'Google Trends'),
  ('2023-12-01 00:00:00', 2023, 'Grammarly', 37.2, 'Google Trends'),
  ('2024-01-01 00:00:00', 2024, 'Grammarly', 46.75, 'Google Trends'),
  ('2024-02-01 00:00:00', 2024, 'Grammarly', 52.0, 'Google Trends'),
  ('2024-03-01 00:00:00', 2024, 'Grammarly', 51.6, 'Google Trends'),
  ('2024-04-01 00:00:00', 2024, 'Grammarly', 50.0, 'Google Trends'),
  ('2024-05-01 00:00:00', 2024, 'Grammarly', 45.25, 'Google Trends'),
  ('2024-06-01 00:00:00', 2024, 'Grammarly', 33.2, 'Google Trends'),
  ('2024-07-01 00:00:00', 2024, 'Grammarly', 31.75, 'Google Trends'),
  ('2024-08-01 00:00:00', 2024, 'Grammarly', 38.5, 'Google Trends'),
  ('2024-09-01 00:00:00', 2024, 'Grammarly', 49.6, 'Google Trends'),
  ('2024-10-01 00:00:00', 2024, 'Grammarly', 48.75, 'Google Trends'),
  ('2024-11-01 00:00:00', 2024, 'Grammarly', 46.25, 'Google Trends'),
  ('2024-12-01 00:00:00', 2024, 'Grammarly', 35.2, 'Google Trends'),
  ('2025-01-01 00:00:00', 2025, 'Grammarly', 42.5, 'Google Trends'),
  ('2025-02-01 00:00:00', 2025, 'Grammarly', 45.5, 'Google Trends'),
  ('2025-03-01 00:00:00', 2025, 'Grammarly', 44.8, 'Google Trends'),
  ('2025-04-01 00:00:00', 2025, 'Grammarly', 39.25, 'Google Trends'),
  ('2025-05-01 00:00:00', 2025, 'Grammarly', 36.75, 'Google Trends'),
  ('2025-06-01 00:00:00', 2025, 'Grammarly', 30.0, 'Google Trends'),
  ('2025-07-01 00:00:00', 2025, 'Grammarly', 26.75, 'Google Trends'),
  ('2025-08-01 00:00:00', 2025, 'Grammarly', 33.8, 'Google Trends'),
  ('2025-09-01 00:00:00', 2025, 'Grammarly', 41.5, 'Google Trends'),
  ('2025-10-01 00:00:00', 2025, 'Grammarly', 40.25, 'Google Trends'),
  ('2025-11-01 00:00:00', 2025, 'Grammarly', 35.0, 'Google Trends'),
  ('2025-12-01 00:00:00', 2025, 'Grammarly', 22.5, 'Google Trends');


CREATE TABLE IF NOT EXISTS trends_tool_stats (
    id          INT AUTO_INCREMENT PRIMARY KEY,
    tool        VARCHAR(100),
    mean_score  DECIMAL(5,2),
    max_score   INT,
    min_score   INT,
    std_dev     DECIMAL(5,2),
    peak_month  VARCHAR(10),
    growth_pct  DECIMAL(8,2),
    trend       VARCHAR(10)
);

INSERT INTO trends_tool_stats (tool, mean_score, max_score, min_score, std_dev, peak_month, growth_pct, trend) VALUES
  ('Grammarly', 44.05, 64, 14, 9.43, '2022-09', -51.28, 'Falling'),
  ('ChatGPT', 30.24, 100, 0, 31.16, '2025-11', NULL, 'Falling'),
  ('Cursor', 24.27, 66, 12, 13.01, '2025-08', 158.82, 'Rising'),
  ('Stable Diffusion', 11.31, 27, 0, 6.35, '2023-04', NULL, 'Falling'),
  ('Perplexity', 6.41, 100, 0, 18.02, '2025-11', NULL, 'Falling'),
  ('Gemini', 4.82, 73, 0, 8.94, '2025-09', NULL, 'Falling'),
  ('Notion AI', 1.43, 8, 0, 1.58, '2025-09', NULL, 'Falling'),
  ('Claude', 1.23, 3, 0, 0.62, '2025-05', 133.33, 'Rising'),
  ('Midjourney', 0.16, 1, 0, 0.36, '2023-01', NULL, 'Falling'),
  ('Github Copilot', 0.0, 0, 0, 0.0, '2022-01', NULL, 'Falling');


CREATE TABLE IF NOT EXISTS trends_yearly_avg (
    id               INT AUTO_INCREMENT PRIMARY KEY,
    year             INT,
    tool_name        VARCHAR(100),
    avg_interest     DECIMAL(5,2)
);

INSERT INTO trends_yearly_avg (year, tool_name, avg_interest) VALUES
  (2022, 'ChatGPT', 0.0),
  (2023, 'ChatGPT', 10.75),
  (2024, 'ChatGPT', 33.65),
  (2025, 'ChatGPT', 76.94),
  (2022, 'Github Copilot', 0.0),
  (2023, 'Github Copilot', 0.0),
  (2024, 'Github Copilot', 0.0),
  (2025, 'Github Copilot', 0.0),
  (2022, 'Gemini', 0.0),
  (2023, 'Gemini', 1.09),
  (2024, 'Gemini', 3.48),
  (2025, 'Gemini', 14.77),
  (2022, 'Midjourney', 0.0),
  (2023, 'Midjourney', 0.57),
  (2024, 'Midjourney', 0.0),
  (2025, 'Midjourney', 0.06),
  (2022, 'Claude', 0.88),
  (2023, 'Claude', 0.96),
  (2024, 'Claude', 1.0),
  (2025, 'Claude', 2.08),
  (2022, 'Perplexity', 0.0),
  (2023, 'Perplexity', 0.0),
  (2024, 'Perplexity', 12.87),
  (2025, 'Perplexity', 12.88),
  (2022, 'Stable Diffusion', 3.85),
  (2023, 'Stable Diffusion', 18.13),
  (2024, 'Stable Diffusion', 11.52),
  (2025, 'Stable Diffusion', 11.62),
  (2022, 'Cursor', 16.56),
  (2023, 'Cursor', 15.58),
  (2024, 'Cursor', 19.67),
  (2025, 'Cursor', 45.42),
  (2022, 'Notion AI', 0.08),
  (2023, 'Notion AI', 1.57),
  (2024, 'Notion AI', 1.0),
  (2025, 'Notion AI', 3.08),
  (2022, 'Grammarly', 49.73),
  (2023, 'Grammarly', 46.0),
  (2024, 'Grammarly', 43.94),
  (2025, 'Grammarly', 36.5);


-- ============================================
-- USEFUL QUERIES
-- ============================================

-- Monthly interest for ChatGPT over time
SELECT month, interest_score
FROM google_trends
WHERE tool_name = 'ChatGPT'
ORDER BY month ASC;

-- Peak interest per tool
SELECT tool_name, MAX(interest_score) AS peak_interest
FROM google_trends
GROUP BY tool_name
ORDER BY peak_interest DESC;

-- Rising vs Falling tools
SELECT tool, trend, growth_pct, peak_month
FROM trends_tool_stats
ORDER BY growth_pct DESC;

-- Year wise average per tool
SELECT year, tool_name, avg_interest
FROM trends_yearly_avg
ORDER BY year, avg_interest DESC;